din_instante;nom_subsistema_origem;nom_subsistema_destino;val_intercambiomwmed
2024-01-01;NORTE;NORDESTE;44758.20499999
2024-01-02;NORTE;NORDESTE;45037.59299998
2024-01-03;NORTE;NORDESTE;37878.83399998
2024-01-04;NORTE;NORDESTE;31021.02499999
2024-01-05;NORTE;NORDESTE;24483.72199999
2024-01-06;NORTE;NORDESTE;-7714.506000010001
2024-01-07;NORTE;NORDESTE;2150.68899998
2024-01-08;NORTE;NORDESTE;33259.98799999
2024-01-09;NORTE;NORDESTE;6467.84600001
2024-01-10;NORTE;NORDESTE;-12800.95399995
2024-01-11;NORTE;NORDESTE;-9521.35299999
2024-01-12;NORTE;NORDESTE;9795.53200001
2024-01-13;NORTE;NORDESTE;3675.64299999
2024-01-14;NORTE;NORDESTE;-20889.25099999
2024-01-15;NORTE;NORDESTE;-20065.93399997
2024-01-16;NORTE;NORDESTE;-47905.96399999
2024-01-17;NORTE;NORDESTE;-32519.34799998
2024-01-18;NORTE;NORDESTE;4588.9220000000005
2024-01-19;NORTE;NORDESTE;23271.28499995
2024-01-20;NORTE;NORDESTE;42842.13399996
2024-01-21;NORTE;NORDESTE;39639.779
2024-01-22;NORTE;NORDESTE;55024.22099999
2024-01-23;NORTE;NORDESTE;51107.83599998
2024-01-24;NORTE;NORDESTE;51684.43999998
2024-01-25;NORTE;NORDESTE;52094.38399999
2024-01-26;NORTE;NORDESTE;18325.20599995
2024-01-27;NORTE;NORDESTE;311.94099998
2024-01-28;NORTE;NORDESTE;-1661.6550000199995
2024-01-29;NORTE;NORDESTE;-10094.35899998
2024-01-30;NORTE;NORDESTE;15818.55799999
2024-01-31;NORTE;NORDESTE;480.99500001
2024-02-01;NORTE;NORDESTE;-41705.60099999
2024-02-02;NORTE;NORDESTE;-45702.70399995
2024-02-03;NORTE;NORDESTE;-45824.97399999
2024-02-04;NORTE;NORDESTE;-61412.53199998
2024-02-05;NORTE;NORDESTE;-54449.85699994
2024-02-06;NORTE;NORDESTE;-13054.85199997
2024-02-07;NORTE;NORDESTE;8445.46399997
2024-02-08;NORTE;NORDESTE;27236.44599998
2024-02-09;NORTE;NORDESTE;32108.23
2024-02-10;NORTE;NORDESTE;7311.905
2024-02-11;NORTE;NORDESTE;-41404.26599998
2024-02-12;NORTE;NORDESTE;-64776.96699997
2024-02-13;NORTE;NORDESTE;-25103.94799998
2024-02-14;NORTE;NORDESTE;41086.30199997
2024-02-15;NORTE;NORDESTE;63710.28999998
2024-02-16;NORTE;NORDESTE;54749.95599998
2024-02-17;NORTE;NORDESTE;51173.24099998
2024-02-18;NORTE;NORDESTE;43931.83699994
2024-02-19;NORTE;NORDESTE;68788.194
2024-02-20;NORTE;NORDESTE;102586.02999998
2024-02-21;NORTE;NORDESTE;91805.05799996
2024-02-22;NORTE;NORDESTE;88291.52599995
2024-02-23;NORTE;NORDESTE;68738.37399999
2024-02-24;NORTE;NORDESTE;-30439.936
2024-02-25;NORTE;NORDESTE;-42362.53300002
2024-02-26;NORTE;NORDESTE;-7666.424
2024-02-27;NORTE;NORDESTE;14551.51600001
2024-02-28;NORTE;NORDESTE;55199.13999997
2024-02-29;NORTE;NORDESTE;77077.66299998
2024-03-01;NORTE;NORDESTE;98414.36399996
2024-03-02;NORTE;NORDESTE;83254.88599999
2024-03-03;NORTE;NORDESTE;56881.24999997
2024-03-04;NORTE;NORDESTE;85553.29599998001
2024-03-05;NORTE;NORDESTE;65940.29499996
2024-03-06;NORTE;NORDESTE;10080.60099998
2024-03-07;NORTE;NORDESTE;-10137.54700001
2024-03-08;NORTE;NORDESTE;-16655.89999998
2024-03-09;NORTE;NORDESTE;7650.788999990001
2024-03-10;NORTE;NORDESTE;15501.73599997
2024-03-11;NORTE;NORDESTE;59732.77299998
2024-03-12;NORTE;NORDESTE;71995.35899998
2024-03-13;NORTE;NORDESTE;63095.01499997
2024-03-14;NORTE;NORDESTE;31797.217
2024-03-15;NORTE;NORDESTE;-3558.03599999
2024-03-16;NORTE;NORDESTE;-4593.910000020001
2024-03-17;NORTE;NORDESTE;-2955.8950000099994
2024-03-18;NORTE;NORDESTE;36520.40999999
2024-03-19;NORTE;NORDESTE;20479.23599998
2024-03-20;NORTE;NORDESTE;43644.33799999
2024-03-21;NORTE;NORDESTE;37786.82499999
2024-03-22;NORTE;NORDESTE;33853.16399998
2024-03-23;NORTE;NORDESTE;20038.31999999
2024-03-24;NORTE;NORDESTE;-24756.00899998
2024-03-25;NORTE;NORDESTE;-2770.318999980001
2024-03-26;NORTE;NORDESTE;76580.824
2024-03-27;NORTE;NORDESTE;42891.71099998
2024-03-28;NORTE;NORDESTE;-25385.75399999
2024-03-29;NORTE;NORDESTE;-17334.85699999
2024-03-30;NORTE;NORDESTE;64028.08999999
2024-03-31;NORTE;NORDESTE;67526.15499997
2024-04-01;NORTE;NORDESTE;79318.20099997
2024-04-02;NORTE;NORDESTE;104528.39099999
2024-04-03;NORTE;NORDESTE;92413.60699998
2024-04-04;NORTE;NORDESTE;88838.12299997
2024-04-05;NORTE;NORDESTE;48965.56499998
2024-04-06;NORTE;NORDESTE;21214.16399998
2024-04-07;NORTE;NORDESTE;2364.76299999
2024-04-08;NORTE;NORDESTE;6518.10100001
2024-04-09;NORTE;NORDESTE;42896.92499999
2024-04-10;NORTE;NORDESTE;51006.01699998
2024-04-11;NORTE;NORDESTE;57299.13099999
2024-04-12;NORTE;NORDESTE;27810.43099997
2024-04-13;NORTE;NORDESTE;-14931.79899998
2024-04-14;NORTE;NORDESTE;-17431.50599999
2024-04-15;NORTE;NORDESTE;-2635.36100001
2024-04-16;NORTE;NORDESTE;-5031.74099998
2024-04-17;NORTE;NORDESTE;911.8610000199998
2024-04-18;NORTE;NORDESTE;35389.47699999
2024-04-19;NORTE;NORDESTE;30701.45699998
2024-04-20;NORTE;NORDESTE;-4811.16300001
2024-04-21;NORTE;NORDESTE;-11768.335
2024-04-22;NORTE;NORDESTE;3716.91799998
2024-04-23;NORTE;NORDESTE;40657.09199996
2024-04-24;NORTE;NORDESTE;9790.65599998
2024-04-25;NORTE;NORDESTE;357.5069999600003
2024-04-26;NORTE;NORDESTE;-8354.87700001
2024-04-27;NORTE;NORDESTE;-27612.67799998
2024-04-28;NORTE;NORDESTE;-11464.79900002
2024-04-29;NORTE;NORDESTE;2242.17600001
2024-04-30;NORTE;NORDESTE;11073.16400001
2024-05-01;NORTE;NORDESTE;-26155.65200001
2024-05-02;NORTE;NORDESTE;6988.81699999
2024-05-03;NORTE;NORDESTE;-17517.14399998
2024-05-04;NORTE;NORDESTE;-51101.24299999
2024-05-05;NORTE;NORDESTE;-52392.49399997
2024-05-06;NORTE;NORDESTE;-39396.18399998
2024-05-07;NORTE;NORDESTE;-24407.90599996
2024-05-08;NORTE;NORDESTE;-7875.92199998
2024-05-09;NORTE;NORDESTE;-28405.26199998
2024-05-10;NORTE;NORDESTE;-7841.40399996
2024-05-11;NORTE;NORDESTE;-3235.74300001
2024-05-12;NORTE;NORDESTE;4788.43899999
2024-05-13;NORTE;NORDESTE;24295.95599996
2024-05-14;NORTE;NORDESTE;24546.526
2024-05-15;NORTE;NORDESTE;-25992.05499997
2024-05-16;NORTE;NORDESTE;-46368.58099999
2024-05-17;NORTE;NORDESTE;-18896.63999999
2024-05-18;NORTE;NORDESTE;20781.04099999
2024-05-19;NORTE;NORDESTE;-11125.38999997
2024-05-20;NORTE;NORDESTE;-19138.17999998
2024-05-21;NORTE;NORDESTE;-50595.97499997
2024-05-22;NORTE;NORDESTE;-46538.80299998
2024-05-23;NORTE;NORDESTE;-43730.38099999
2024-05-24;NORTE;NORDESTE;-33342.44599999
2024-05-25;NORTE;NORDESTE;-39072.69599997
2024-05-26;NORTE;NORDESTE;-49694.86499995
2024-05-27;NORTE;NORDESTE;-50825.20399998
2024-05-28;NORTE;NORDESTE;-21879.93299999
2024-05-29;NORTE;NORDESTE;7432.743
2024-05-30;NORTE;NORDESTE;2307.00400002
2024-05-31;NORTE;NORDESTE;-58430.97299997
2024-06-01;NORTE;NORDESTE;-60593.04799998
2024-06-02;NORTE;NORDESTE;-44755.04799997
2024-06-03;NORTE;NORDESTE;-49790.76900001
2024-06-04;NORTE;NORDESTE;-22265.59999999
2024-06-05;NORTE;NORDESTE;-44333.29299995
2024-06-06;NORTE;NORDESTE;-52399.97599996
2024-06-07;NORTE;NORDESTE;-39560.73099997
2024-06-08;NORTE;NORDESTE;-63892.78199997
2024-06-09;NORTE;NORDESTE;-60371.57199996
2024-06-10;NORTE;NORDESTE;-70060.90899996
2024-06-11;NORTE;NORDESTE;-66819.21899997
2024-06-12;NORTE;NORDESTE;-71508.97899999
2024-06-13;NORTE;NORDESTE;-70781.24199998
2024-06-14;NORTE;NORDESTE;-64669.82299998
2024-06-15;NORTE;NORDESTE;-61402.10099999
2024-06-16;NORTE;NORDESTE;-55499.02299997
2024-06-17;NORTE;NORDESTE;-53997.35599999
2024-06-18;NORTE;NORDESTE;-61943.57299995
2024-06-19;NORTE;NORDESTE;-69141.53699997
2024-06-20;NORTE;NORDESTE;-72841.64399999
2024-06-21;NORTE;NORDESTE;-69097.38199998
2024-06-22;NORTE;NORDESTE;-62424.43799998
2024-06-23;NORTE;NORDESTE;-60361.762999980005
2024-06-24;NORTE;NORDESTE;-59044.60999997
2024-06-25;NORTE;NORDESTE;-52030.00299997
2024-06-26;NORTE;NORDESTE;-45482.584
2024-06-27;NORTE;NORDESTE;-31179.50300001
2024-06-28;NORTE;NORDESTE;-39285.319
2024-06-29;NORTE;NORDESTE;-48917.32699997
2024-06-30;NORTE;NORDESTE;-46111.74799998
2024-07-01;NORTE;NORDESTE;-70724.11099998
2024-07-02;NORTE;NORDESTE;-77209.28499999
2024-07-03;NORTE;NORDESTE;-63436.56999996
2024-07-04;NORTE;NORDESTE;-77424.54099994
2024-07-05;NORTE;NORDESTE;-44081.97999997
2024-07-06;NORTE;NORDESTE;-32533.59000001
2024-07-07;NORTE;NORDESTE;-54393.66499997
2024-07-08;NORTE;NORDESTE;-72245.65899996
2024-07-09;NORTE;NORDESTE;-52995.25999999
2024-07-10;NORTE;NORDESTE;-64201.12999999
2024-07-11;NORTE;NORDESTE;-80559.99899998
2024-07-12;NORTE;NORDESTE;-78428.65499999
2024-07-13;NORTE;NORDESTE;-90119.01199999
2024-07-14;NORTE;NORDESTE;-84468.72899997
2024-07-15;NORTE;NORDESTE;-87392.54599999
2024-07-16;NORTE;NORDESTE;-82491.80399995
2024-07-17;NORTE;NORDESTE;-80076.37599999
2024-07-18;NORTE;NORDESTE;-68893.33399995
2024-07-19;NORTE;NORDESTE;-72197.61299997
2024-07-20;NORTE;NORDESTE;-66953.24799998
2024-07-21;NORTE;NORDESTE;-54048.97899993
2024-07-22;NORTE;NORDESTE;-81457.42599999
2024-07-23;NORTE;NORDESTE;-88184.13699995
2024-07-24;NORTE;NORDESTE;-84578.79199998
2024-07-25;NORTE;NORDESTE;-81455.23499998
2024-07-26;NORTE;NORDESTE;-89351.81599995
2024-07-27;NORTE;NORDESTE;-86990.09199998
2024-07-28;NORTE;NORDESTE;-75002.13799997
2024-07-29;NORTE;NORDESTE;-74604.22799996
2024-07-30;NORTE;NORDESTE;-70437.74599997001
2024-07-31;NORTE;NORDESTE;-78698.38899999
2024-08-01;NORTE;NORDESTE;-86975.16799996
2024-08-02;NORTE;NORDESTE;-85921.69999999
2024-08-03;NORTE;NORDESTE;-83050.015
2024-08-04;NORTE;NORDESTE;-80985.00099999
2024-08-05;NORTE;NORDESTE;-100166.607
2024-08-06;NORTE;NORDESTE;-103368.2139999
2024-08-07;NORTE;NORDESTE;-94398.82099998
2024-08-08;NORTE;NORDESTE;-91447.10899999
2024-08-09;NORTE;NORDESTE;-88040.33899997
2024-08-10;NORTE;NORDESTE;-67898.20399999
2024-08-11;NORTE;NORDESTE;-44929.26499994
2024-08-12;NORTE;NORDESTE;-78699.65899998
2024-08-13;NORTE;NORDESTE;-73785.57099999
2024-08-14;NORTE;NORDESTE;-98013.47399997
2024-08-15;NORTE;NORDESTE;-96087.79899997
2024-08-16;NORTE;NORDESTE;-93602.956
2024-08-17;NORTE;NORDESTE;-84581.609
2024-08-18;NORTE;NORDESTE;-64589.19399997
2024-08-19;NORTE;NORDESTE;-92221.83099999
2024-08-20;NORTE;NORDESTE;-99874.03199996
2024-08-21;NORTE;NORDESTE;-103023.53099998
2024-08-22;NORTE;NORDESTE;-102833.77499995
2024-08-23;NORTE;NORDESTE;-95352.65899999
2024-08-24;NORTE;NORDESTE;-84960.37399998
2024-08-25;NORTE;NORDESTE;-90257.22199999
2024-08-26;NORTE;NORDESTE;-100702.96499997
2024-08-27;NORTE;NORDESTE;-97591.62799997
2024-08-28;NORTE;NORDESTE;-98681.21399997
2024-08-29;NORTE;NORDESTE;-93823.93499997
2024-08-30;NORTE;NORDESTE;-87494.39899997
2024-08-31;NORTE;NORDESTE;-83529.104
2024-09-01;NORTE;NORDESTE;-77961.238
2024-09-02;NORTE;NORDESTE;-84847.23300000001
2024-09-03;NORTE;NORDESTE;-84366.52799998
2024-09-04;NORTE;NORDESTE;-91898.38199999
2024-09-05;NORTE;NORDESTE;-87565.799
2024-09-06;NORTE;NORDESTE;-85781.032
2024-09-07;NORTE;NORDESTE;-86234.40299999
2024-09-08;NORTE;NORDESTE;-77346.46299998
2024-09-09;NORTE;NORDESTE;-94382.18099996
2024-09-10;NORTE;NORDESTE;-97391.79599998
2024-09-11;NORTE;NORDESTE;-99545.82899995
2024-09-12;NORTE;NORDESTE;-95822.99399998
2024-09-13;NORTE;NORDESTE;-98561.30499997
2024-09-14;NORTE;NORDESTE;-93787.55599997
2024-09-15;NORTE;NORDESTE;-87376.185
2024-09-16;NORTE;NORDESTE;-96603.05399993
2024-09-17;NORTE;NORDESTE;-102202.29599997
2024-09-18;NORTE;NORDESTE;-100421.35899998
2024-09-19;NORTE;NORDESTE;-98657.48499998
2024-09-20;NORTE;NORDESTE;-101403.48599995
2024-09-21;NORTE;NORDESTE;-103546.08699998
2024-09-22;NORTE;NORDESTE;-93379.94699997
2024-09-23;NORTE;NORDESTE;-95869.85199998
2024-09-24;NORTE;NORDESTE;-93648.62899998
2024-09-25;NORTE;NORDESTE;-94366.66099997
2024-09-26;NORTE;NORDESTE;-91689.41099997
2024-09-27;NORTE;NORDESTE;-81994.437
2024-09-28;NORTE;NORDESTE;-90392.10499999
2024-09-29;NORTE;NORDESTE;-75311.37099997001
2024-09-30;NORTE;NORDESTE;-98186.20199999
2024-10-01;NORTE;NORDESTE;-90934.06699998
2024-10-02;NORTE;NORDESTE;-76197.48499997
2024-10-03;NORTE;NORDESTE;-83536.79999998001
2024-10-04;NORTE;NORDESTE;-82044.321
2024-10-05;NORTE;NORDESTE;-80341.58799996
2024-10-06;NORTE;NORDESTE;-78435.22
2024-10-07;NORTE;NORDESTE;-71732.28699998
2024-10-08;NORTE;NORDESTE;-57970.73099998
2024-10-09;NORTE;NORDESTE;-31123.76199998
2024-10-10;NORTE;NORDESTE;-50175.32699999
2024-10-11;NORTE;NORDESTE;-89590.18299999001
2024-10-12;NORTE;NORDESTE;-78074.09899999
2024-10-13;NORTE;NORDESTE;-62573.48799999
2024-10-14;NORTE;NORDESTE;-92644.67999999
2024-10-15;NORTE;NORDESTE;-89603.24499998
2024-10-16;NORTE;NORDESTE;-50863.50799999
2024-10-17;NORTE;NORDESTE;-9722.852
2024-10-18;NORTE;NORDESTE;1161.17400003
2024-10-19;NORTE;NORDESTE;-47725.61899999
2024-10-20;NORTE;NORDESTE;-51574.59299997
2024-10-21;NORTE;NORDESTE;-87188.21299997
2024-10-22;NORTE;NORDESTE;-97801.65299998
2024-10-23;NORTE;NORDESTE;-90088.82399997
2024-10-24;NORTE;NORDESTE;-89643.67899998
2024-10-25;NORTE;NORDESTE;-96050.50199998
2024-10-26;NORTE;NORDESTE;-86061.569
2024-10-27;NORTE;NORDESTE;-44603.78399998
2024-10-28;NORTE;NORDESTE;-89603.27
2024-10-29;NORTE;NORDESTE;-95328.08899998
2024-10-30;NORTE;NORDESTE;-83573.33999998
2024-10-31;NORTE;NORDESTE;-68657.25899997
2024-11-01;NORTE;NORDESTE;-77796.94799999
2024-11-02;NORTE;NORDESTE;-98421.04299995
2024-11-03;NORTE;NORDESTE;-87890.44399997
2024-11-04;NORTE;NORDESTE;-103740.15999994
2024-11-05;NORTE;NORDESTE;-82759.93399995
2024-11-06;NORTE;NORDESTE;-84097.34999999
2024-11-07;NORTE;NORDESTE;-84435.06999999
2024-11-08;NORTE;NORDESTE;-58884.24799997
2024-11-09;NORTE;NORDESTE;-77260.09999996
2024-11-10;NORTE;NORDESTE;-51896.13999999
2024-11-11;NORTE;NORDESTE;-26629.43899998
2024-11-12;NORTE;NORDESTE;-6038.172000020001
2024-11-13;NORTE;NORDESTE;-56276.962
2024-11-14;NORTE;NORDESTE;-79713.70499997
2024-11-15;NORTE;NORDESTE;-83918.946
2024-11-16;NORTE;NORDESTE;-81967.73999999
2024-11-17;NORTE;NORDESTE;-73943.668
2024-11-18;NORTE;NORDESTE;-95974.00399998
2024-11-19;NORTE;NORDESTE;-71521.90799998
2024-11-20;NORTE;NORDESTE;-65653.33499997
2024-11-21;NORTE;NORDESTE;-27555.68999996
2024-11-22;NORTE;NORDESTE;6731.93299999
2024-11-23;NORTE;NORDESTE;17627.042
2024-11-24;NORTE;NORDESTE;4358.897000020001
2024-11-25;NORTE;NORDESTE;-31428.45699999
2024-11-26;NORTE;NORDESTE;-49151.99099997
2024-11-27;NORTE;NORDESTE;-68322.42999997
2024-11-28;NORTE;NORDESTE;-71108.504
2024-11-29;NORTE;NORDESTE;-56791.64699998
2024-11-30;NORTE;NORDESTE;-62250.74299997
2024-12-01;NORTE;NORDESTE;-19650.59599997
2024-12-02;NORTE;NORDESTE;-19810.96400001
2024-12-03;NORTE;NORDESTE;-20184.98899999
2024-12-04;NORTE;NORDESTE;-22937.63800001
2024-12-05;NORTE;NORDESTE;-61238.60899998
2024-12-06;NORTE;NORDESTE;-62433.93699999
2024-12-07;NORTE;NORDESTE;-48065.89699999
2024-12-08;NORTE;NORDESTE;-29768.63099997
2024-12-09;NORTE;NORDESTE;-62778.40299995
2024-12-10;NORTE;NORDESTE;-65330.86799998
2024-12-11;NORTE;NORDESTE;-21511.78399999
2024-12-12;NORTE;NORDESTE;-37912.52899996
2024-12-13;NORTE;NORDESTE;-81977.24399998
2024-12-14;NORTE;NORDESTE;-44247.81999997
2024-12-15;NORTE;NORDESTE;-14926.46099999
2024-12-16;NORTE;NORDESTE;-40868.44299998
2024-12-17;NORTE;NORDESTE;-19550.77499999
2024-12-18;NORTE;NORDESTE;-6510.55
2024-12-19;NORTE;NORDESTE;-38344.84799998
2024-12-20;NORTE;NORDESTE;-57639.89899998
2024-12-21;NORTE;NORDESTE;-57488.77699997
2024-12-22;NORTE;NORDESTE;-53464.815
2024-12-23;NORTE;NORDESTE;-44980.63099997
2024-12-24;NORTE;NORDESTE;-17619.26000001
2024-12-25;NORTE;NORDESTE;-20297.30699998
2024-12-26;NORTE;NORDESTE;-67071.68399997
2024-12-27;NORTE;NORDESTE;-70524.15499999
2024-12-28;NORTE;NORDESTE;-59977.77399997
2024-12-29;NORTE;NORDESTE;-41201.15099995
2024-12-30;NORTE;NORDESTE;-27918.288
2024-12-31;NORTE;NORDESTE;-30687.985
2025-01-01;NORTE;NORDESTE;-37449.69299999
2025-01-02;NORTE;NORDESTE;-43596.03599999
2025-01-03;NORTE;NORDESTE;-39849.986
2025-01-04;NORTE;NORDESTE;-26922.539
2025-01-05;NORTE;NORDESTE;-7841.10500001
2025-01-06;NORTE;NORDESTE;6296.0650000000005
2025-01-07;NORTE;NORDESTE;36990.875
2025-01-08;NORTE;NORDESTE;53718.57
2025-01-09;NORTE;NORDESTE;51485.29099998
2025-01-10;NORTE;NORDESTE;57073.626
2025-01-11;NORTE;NORDESTE;32104.12999999
2025-01-12;NORTE;NORDESTE;41931.459
2025-01-13;NORTE;NORDESTE;72063.261
2025-01-14;NORTE;NORDESTE;76732.68599997999
2025-01-15;NORTE;NORDESTE;80812.73699999
2025-01-16;NORTE;NORDESTE;53902.92499998
2025-01-17;NORTE;NORDESTE;15039.63999999
2025-01-18;NORTE;NORDESTE;-15317.49699999
2025-01-19;NORTE;NORDESTE;47823.72099996
2025-01-20;NORTE;NORDESTE;62599.91100001
2025-01-21;NORTE;NORDESTE;43750.77699999
2025-01-22;NORTE;NORDESTE;19537.32700001
2025-01-23;NORTE;NORDESTE;32067.17899996
2025-01-24;NORTE;NORDESTE;41008.30299998
2025-01-25;NORTE;NORDESTE;23066.33499999
2025-01-26;NORTE;NORDESTE;-1579.4099999800003
2025-01-27;NORTE;NORDESTE;35839.085
2025-01-28;NORTE;NORDESTE;56824.10999999
2025-01-29;NORTE;NORDESTE;37850.0
2025-01-30;NORTE;NORDESTE;33689.665
2025-01-31;NORTE;NORDESTE;20241.42899997
2025-02-01;NORTE;NORDESTE;-19021.95100001
2025-02-02;NORTE;NORDESTE;-28051.04799998
2025-02-03;NORTE;NORDESTE;18913.05399999
2025-02-04;NORTE;NORDESTE;12855.71199998
2025-02-05;NORTE;NORDESTE;18850.89899999
2025-02-06;NORTE;NORDESTE;9896.45699999
2025-02-07;NORTE;NORDESTE;12213.97800001
2025-02-08;NORTE;NORDESTE;-21307.501
2025-02-09;NORTE;NORDESTE;-14283.60699998
2025-02-10;NORTE;NORDESTE;25517.67099998
2025-02-11;NORTE;NORDESTE;16400.534999980002
2025-02-12;NORTE;NORDESTE;18666.267
2025-02-13;NORTE;NORDESTE;16612.65599998
2025-02-14;NORTE;NORDESTE;-28287.09899999
2025-02-15;NORTE;NORDESTE;-42175.914
2025-02-16;NORTE;NORDESTE;-62752.73899999
2025-02-17;NORTE;NORDESTE;-15559.27199999
2025-02-18;NORTE;NORDESTE;14429.44999998
2025-02-19;NORTE;NORDESTE;4134.372
2025-02-20;NORTE;NORDESTE;857.4130000099998
2025-02-21;NORTE;NORDESTE;-18215.8
2025-02-22;NORTE;NORDESTE;-35428.22
2025-02-23;NORTE;NORDESTE;-22739.83799999
2025-02-24;NORTE;NORDESTE;7052.13199997
2025-02-25;NORTE;NORDESTE;-4923.62699999
2025-02-26;NORTE;NORDESTE;-2351.25899999
2025-02-27;NORTE;NORDESTE;-7206.777000020001
2025-02-28;NORTE;NORDESTE;-2878.89099997
2025-03-01;NORTE;NORDESTE;-41467.62599999
2025-03-02;NORTE;NORDESTE;-46252.88099999
2025-03-03;NORTE;NORDESTE;-57312.07999999
2025-03-04;NORTE;NORDESTE;-60785.11599998
2025-03-05;NORTE;NORDESTE;-54160.70799997
2025-03-06;NORTE;NORDESTE;-49461.17899999
2025-03-07;NORTE;NORDESTE;-39075.38699999
2025-03-08;NORTE;NORDESTE;-43647.681
2025-03-09;NORTE;NORDESTE;-28350.846
2025-03-10;NORTE;NORDESTE;21547.061
2025-03-11;NORTE;NORDESTE;-14032.36399998
2025-03-12;NORTE;NORDESTE;-30376.763
2025-03-13;NORTE;NORDESTE;-10135.481
2025-03-14;NORTE;NORDESTE;35287.416
2025-03-15;NORTE;NORDESTE;-9175.08699997
2025-03-16;NORTE;NORDESTE;-2249.248000000001
2025-03-17;NORTE;NORDESTE;19400.37899998
2025-03-18;NORTE;NORDESTE;24909.94499998
2025-03-19;NORTE;NORDESTE;29826.29000001
2025-03-20;NORTE;NORDESTE;29514.42099999
2025-03-21;NORTE;NORDESTE;25162.69299999
2025-03-22;NORTE;NORDESTE;825.2440000000006
2025-03-23;NORTE;NORDESTE;3846.1890000000008
2025-03-24;NORTE;NORDESTE;17421.064999989998
2025-03-25;NORTE;NORDESTE;15756.092
2025-03-26;NORTE;NORDESTE;22125.21199999
2025-03-27;NORTE;NORDESTE;17388.11299999
2025-03-28;NORTE;NORDESTE;14205.03299998
2025-03-29;NORTE;NORDESTE;-11143.39199998
2025-03-30;NORTE;NORDESTE;-12336.135
2025-03-31;NORTE;NORDESTE;-25819.34399999
2025-04-01;NORTE;NORDESTE;-47569.44599998
2025-04-02;NORTE;NORDESTE;8573.47699999
2025-04-03;NORTE;NORDESTE;-15996.68300001
2025-04-04;NORTE;NORDESTE;-23632.31499997
2025-04-05;NORTE;NORDESTE;-33597.51999999
2025-04-06;NORTE;NORDESTE;-50677.90199999
2025-04-07;NORTE;NORDESTE;-36567.634
2025-04-08;NORTE;NORDESTE;-31588.89499998
2025-04-09;NORTE;NORDESTE;-31818.58099997
2025-04-10;NORTE;NORDESTE;52499.79399998
2025-04-11;NORTE;NORDESTE;69652.15599998
2025-04-12;NORTE;NORDESTE;61038.92099997
2025-04-13;NORTE;NORDESTE;10787.26
2025-04-14;NORTE;NORDESTE;41155.21200001
2025-04-15;NORTE;NORDESTE;54698.608
2025-04-16;NORTE;NORDESTE;15551.971
2025-04-17;NORTE;NORDESTE;-12869.09699999
2025-04-18;NORTE;NORDESTE;-34500.64700001
2025-04-19;NORTE;NORDESTE;-31002.82099999
2025-04-20;NORTE;NORDESTE;28957.482
2025-04-21;NORTE;NORDESTE;44002.985
2025-04-22;NORTE;NORDESTE;20727.988
2025-04-23;NORTE;NORDESTE;-16882.88700001
2025-04-24;NORTE;NORDESTE;-23898.79099998
2025-04-25;NORTE;NORDESTE;-18769.83899999
2025-04-26;NORTE;NORDESTE;-15289.164
2025-04-27;NORTE;NORDESTE;-6547.00599998
2025-04-28;NORTE;NORDESTE;44053.546
2025-04-29;NORTE;NORDESTE;67582.38
2025-04-30;NORTE;NORDESTE;41524.16099998
2025-05-01;NORTE;NORDESTE;-11844.03600001
2025-05-02;NORTE;NORDESTE;-44955.51899999
2025-05-03;NORTE;NORDESTE;-29214.50599997
2025-05-04;NORTE;NORDESTE;-14332.89999997
2025-05-05;NORTE;NORDESTE;-41508.30799999
2025-05-06;NORTE;NORDESTE;-31253.94199999
2025-05-07;NORTE;NORDESTE;-56294.70799998
2025-05-08;NORTE;NORDESTE;-64165.05799998
2025-05-09;NORTE;NORDESTE;-58324.843
2025-05-10;NORTE;NORDESTE;-69892.79299999001
2025-05-11;NORTE;NORDESTE;-41169.64299998
2025-05-12;NORTE;NORDESTE;-63975.30899999
2025-05-13;NORTE;NORDESTE;-64180.38899997
2025-05-14;NORTE;NORDESTE;-71371.93999995
2025-05-15;NORTE;NORDESTE;-44386.42699999
2025-05-16;NORTE;NORDESTE;-47006.81199998
2025-05-17;NORTE;NORDESTE;-72239.81799996
2025-05-18;NORTE;NORDESTE;-58176.58299999
2025-05-19;NORTE;NORDESTE;-48181.84799999
2025-05-20;NORTE;NORDESTE;7040.84200002
2025-05-21;NORTE;NORDESTE;-13335.891
2025-05-22;NORTE;NORDESTE;-42751.87500001
2025-05-23;NORTE;NORDESTE;-36626.89199999
2025-05-24;NORTE;NORDESTE;-59639.92399998
2025-05-25;NORTE;NORDESTE;-52725.844
2025-05-26;NORTE;NORDESTE;-75246.05499998
2025-05-27;NORTE;NORDESTE;-81901.49299997
2025-05-28;NORTE;NORDESTE;-61191.49799997
2025-05-29;NORTE;NORDESTE;-43934.544
2025-05-30;NORTE;NORDESTE;-40249.00899997
2025-05-31;NORTE;NORDESTE;-51969.327
2025-06-01;NORTE;NORDESTE;-57830.35299999
2025-06-02;NORTE;NORDESTE;-75867.87999996
2025-06-03;NORTE;NORDESTE;-65203.19899999
2025-06-04;NORTE;NORDESTE;-59970.771
2025-06-05;NORTE;NORDESTE;-56865.281
2025-06-06;NORTE;NORDESTE;-63426.24499998
2025-06-07;NORTE;NORDESTE;-60732.55199999
2025-06-08;NORTE;NORDESTE;-52628.79
2025-06-09;NORTE;NORDESTE;-19048.769
2025-06-10;NORTE;NORDESTE;-21437.86699999
2025-06-11;NORTE;NORDESTE;-43633.05999996
2025-06-12;NORTE;NORDESTE;-59770.71399998
2025-06-13;NORTE;NORDESTE;-88849.335
2025-06-14;NORTE;NORDESTE;-89326.00199999
2025-06-15;NORTE;NORDESTE;-54045.66799999
2025-06-16;NORTE;NORDESTE;-59171.23799997
2025-06-17;NORTE;NORDESTE;-68090.661
2025-06-18;NORTE;NORDESTE;-85345.39199998
2025-06-19;NORTE;NORDESTE;-74137.02999999
2025-06-20;NORTE;NORDESTE;-74152.45699997
2025-06-21;NORTE;NORDESTE;-71428.20299999
2025-06-22;NORTE;NORDESTE;-51345.59800001
2025-06-23;NORTE;NORDESTE;-89533.349
2025-06-24;NORTE;NORDESTE;-50890.55299999
2025-06-25;NORTE;NORDESTE;-71747.54499999
2025-06-26;NORTE;NORDESTE;-92560.94399999
2025-06-27;NORTE;NORDESTE;-55522.988
2025-06-28;NORTE;NORDESTE;-55924.30199999
2025-06-29;NORTE;NORDESTE;-43241.23799998
2025-06-30;NORTE;NORDESTE;-77068.97399998
2025-07-01;NORTE;NORDESTE;-69498.06799997001
2025-07-02;NORTE;NORDESTE;-102939.16099997
2025-07-03;NORTE;NORDESTE;-103184.40799999
2025-07-04;NORTE;NORDESTE;-80116.40199999
2025-07-05;NORTE;NORDESTE;-61789.86299999
2025-07-06;NORTE;NORDESTE;-38500.39799997
2025-07-07;NORTE;NORDESTE;-76027.34899999
2025-07-08;NORTE;NORDESTE;-70554.80899999
2025-07-09;NORTE;NORDESTE;-66215.35799999
2025-07-10;NORTE;NORDESTE;-83214.961
2025-07-11;NORTE;NORDESTE;-97430.045
2025-07-12;NORTE;NORDESTE;-93952.38599995
2025-07-13;NORTE;NORDESTE;-62062.15399997
2025-07-14;NORTE;NORDESTE;-76705.34399997
2025-07-15;NORTE;NORDESTE;-78509.83699998
2025-07-16;NORTE;NORDESTE;-79720.01599999
2025-07-17;NORTE;NORDESTE;-76063.356
2025-07-18;NORTE;NORDESTE;-72537.21699999
2025-07-19;NORTE;NORDESTE;-65310.311
2025-07-20;NORTE;NORDESTE;-70986.24099997
2025-07-21;NORTE;NORDESTE;-80329.07399999
2025-07-22;NORTE;NORDESTE;-80751.89099997
2025-07-23;NORTE;NORDESTE;-75726.16899999
2025-07-24;NORTE;NORDESTE;-87464.99299998
2025-07-25;NORTE;NORDESTE;-94701.14999999
2025-07-26;NORTE;NORDESTE;-73189.47099999
2025-07-27;NORTE;NORDESTE;-80498.81999997
2025-07-28;NORTE;NORDESTE;-52034.23399999
2025-07-29;NORTE;NORDESTE;-32970.18999998
2025-07-30;NORTE;NORDESTE;-61818.26
2025-07-31;NORTE;NORDESTE;-91360.49699998
2025-08-01;NORTE;NORDESTE;-91012.60499998
2025-08-02;NORTE;NORDESTE;-78350.41599999
2025-08-03;NORTE;NORDESTE;-59130.47299999
2025-08-04;NORTE;NORDESTE;-90889.461
2025-08-05;NORTE;NORDESTE;-84244.92499997
2025-08-06;NORTE;NORDESTE;-97961.79599998
2025-08-07;NORTE;NORDESTE;-102792.17299997
2025-08-08;NORTE;NORDESTE;-71616.15699999
2025-08-09;NORTE;NORDESTE;-45949.85099998
2025-08-10;NORTE;NORDESTE;-31243.90299997
2025-08-11;NORTE;NORDESTE;-49487.11499997
2025-08-12;NORTE;NORDESTE;-77159.20799999
2025-08-13;NORTE;NORDESTE;-90029.35399998
2025-08-14;NORTE;NORDESTE;-87182.46699996
2025-08-15;NORTE;NORDESTE;-80379.79499996
2025-08-16;NORTE;NORDESTE;-86869.77799999
2025-08-17;NORTE;NORDESTE;-74334.86999998
2025-08-18;NORTE;NORDESTE;-98876.91599997
2025-08-19;NORTE;NORDESTE;-106788.06999994
2025-08-20;NORTE;NORDESTE;-94806.63299999
2025-08-21;NORTE;NORDESTE;-102208.04599998
2025-08-22;NORTE;NORDESTE;-112352.98499995
2025-08-23;NORTE;NORDESTE;-106983.16499999
2025-08-24;NORTE;NORDESTE;-89325.07399998
2025-08-25;NORTE;NORDESTE;-103802.80399997
2025-08-26;NORTE;NORDESTE;-107295.70399998
2025-08-27;NORTE;NORDESTE;-100297.11299999
2025-08-28;NORTE;NORDESTE;-102774.55599997
2025-08-29;NORTE;NORDESTE;-100163.234
2025-08-30;NORTE;NORDESTE;-96914.09
2025-08-31;NORTE;NORDESTE;-88790.05399999
2025-09-01;NORTE;NORDESTE;-116971.74699997
2025-09-02;NORTE;NORDESTE;-113413.60899993
2025-09-03;NORTE;NORDESTE;-116607.90799999
2025-09-04;NORTE;NORDESTE;-115580.45599996
2025-09-05;NORTE;NORDESTE;-98055.92499995
2025-09-06;NORTE;NORDESTE;-76432.35299999
2025-09-07;NORTE;NORDESTE;-82188.27299999
2025-09-08;NORTE;NORDESTE;-102013.28899998
2025-09-09;NORTE;NORDESTE;-99829.52599996
2025-09-10;NORTE;NORDESTE;-92638.03299999
2025-09-11;NORTE;NORDESTE;-99213.15399997
2025-09-12;NORTE;NORDESTE;-106657.46299994
2025-09-13;NORTE;NORDESTE;-101394.24499996
2025-09-14;NORTE;NORDESTE;-106819.05299996
2025-09-15;NORTE;NORDESTE;-120845.00199998
2025-09-16;NORTE;NORDESTE;-106296.31699995
2025-09-17;NORTE;NORDESTE;-92620.92099997
2025-09-18;NORTE;NORDESTE;-99362.71499997
2025-09-19;NORTE;NORDESTE;-110813.64299996
2025-09-20;NORTE;NORDESTE;-101982.65099998
2025-09-21;NORTE;NORDESTE;-92052.00799995
2025-09-22;NORTE;NORDESTE;-101814.19399997
2025-09-23;NORTE;NORDESTE;-100847.07499999
2025-09-24;NORTE;NORDESTE;-113221.43199998
2025-09-25;NORTE;NORDESTE;-111082.97399996
2025-09-26;NORTE;NORDESTE;-101750.20899999
2025-09-27;NORTE;NORDESTE;-96262.35599995
2025-09-28;NORTE;NORDESTE;-85464.63799999
2025-09-29;NORTE;NORDESTE;-105497.38299998
2025-09-30;NORTE;NORDESTE;-103553.34799997
2025-10-01;NORTE;NORDESTE;-107940.88299993
2025-10-02;NORTE;NORDESTE;-104596.12299995
2025-10-03;NORTE;NORDESTE;-124994.00999996
2025-10-04;NORTE;NORDESTE;-127652.41
2025-10-05;NORTE;NORDESTE;-106841.38099997
2025-10-06;NORTE;NORDESTE;-118551.26699999
2025-10-07;NORTE;NORDESTE;-117258.22799998
2025-10-08;NORTE;NORDESTE;-124837.73699995
2025-10-09;NORTE;NORDESTE;-124028.50899997
2025-10-10;NORTE;NORDESTE;-114838.34699999
2025-10-11;NORTE;NORDESTE;-96169.276
2025-10-12;NORTE;NORDESTE;-93759.29099999
2025-10-13;NORTE;NORDESTE;-109525.40699998
2025-10-14;NORTE;NORDESTE;-103411.26099998
2025-10-15;NORTE;NORDESTE;-100206.85999997
2025-10-16;NORTE;NORDESTE;-101382.02799998
2025-10-17;NORTE;NORDESTE;-101637.98899997
2025-10-18;NORTE;NORDESTE;-100204.00899998
2025-10-19;NORTE;NORDESTE;-63992.20999996
2025-10-20;NORTE;NORDESTE;-72602.43099999
2025-10-21;NORTE;NORDESTE;-106904.44899996
2025-10-22;NORTE;NORDESTE;-112294.75499999
2025-10-23;NORTE;NORDESTE;-115915.66199998
2025-10-24;NORTE;NORDESTE;-115982.83199999
2025-10-25;NORTE;NORDESTE;-109471.44499997
2025-10-26;NORTE;NORDESTE;-101561.67999998
2025-10-27;NORTE;NORDESTE;-110194.90799998
2025-10-28;NORTE;NORDESTE;-115800.76099999
2025-10-29;NORTE;NORDESTE;-115798.29299998
2025-10-30;NORTE;NORDESTE;-112705.11399999
2025-10-31;NORTE;NORDESTE;-117056.40999995
